{"cameraMode":{"drawMode":0,"name":"Shaded","section":"Shading Mode"},"sceneLighting":true,"audioPlay":false,"sceneViewState":{"showFog":true,"showMaterialUpdate":false,"showSkybox":true,"showFlares":true,"showImageEffects":true,"showParticleSystems":true},"in2DMode":false,"pivot":{"x":-1.6435916423797608,"y":1.4889092445373536,"z":-4.471761703491211},"rotation":{"x":-0.08192157000303269,"y":0.4470660090446472,"z":-0.04116060957312584,"w":-0.8897907137870789},"size":8.241401672363282,"orthographic":false}